equipmentid,equipmentname,quantity,storagelocation,Shulid,eventid
1,College Equipment,41,North Seth Storage,273,65
2,Great Equipment,39,West Patrick Storage,184,356
3,Cultural Equipment,56,New Ryanberg Storage,84,170
4,Role Equipment,17,Michaelport Storage,9,256
5,Contain Equipment,7,New Williamstad Storage,355,120
6,Should Equipment,100,Lake Brandi Storage,154,211
7,Similar Equipment,95,North Sandra Storage,256,333
8,Support Equipment,3,East Williamburgh Storage,366,128
9,Eye Equipment,95,Lake William Storage,148,16
10,That Equipment,45,West Jennifer Storage,335,248
11,Others Equipment,18,East Patrick Storage,184,245
12,Feeling Equipment,82,Lake Jamesbury Storage,43,143
13,Goal Equipment,80,Port Stacyborough Storage,339,183
14,Under Equipment,55,South Jerry Storage,109,21
15,Price Equipment,73,Port Joan Storage,2,135
16,Language Equipment,20,Lake John Storage,99,236
17,College Equipment,45,East Samuel Storage,109,106
18,Theory Equipment,83,New Alexandrafurt Storage,38,6
19,Very Equipment,44,Ortizton Storage,128,389
20,Second Equipment,76,Thomastown Storage,67,248
21,Education Equipment,86,Meganberg Storage,150,163
22,Husband Equipment,2,Griffinshire Storage,14,105
23,Box Equipment,60,Cookberg Storage,161,187
24,Design Equipment,44,Lake James Storage,253,85
25,There Equipment,44,East Richard Storage,242,287
26,Care Equipment,93,East Ana Storage,59,385
27,Of Equipment,44,East Paulton Storage,35,355
28,Attorney Equipment,32,Rebekahtown Storage,171,80
29,Pattern Equipment,82,Cummingsfort Storage,198,328
30,Citizen Equipment,42,Juanshire Storage,40,255
31,Information Equipment,45,North Jeff Storage,245,103
32,Fill Equipment,56,Rowlandshire Storage,296,139
33,Behind Equipment,82,Nixonfort Storage,286,77
34,Mean Equipment,61,Nicholasbury Storage,188,369
35,Person Equipment,97,Lake Sandra Storage,5,27
36,Front Equipment,93,Kevinland Storage,198,260
37,Remember Equipment,61,East Andrea Storage,222,161
38,Him Equipment,35,Newtonport Storage,173,207
39,Onto Equipment,55,Robertport Storage,198,93
40,Few Equipment,68,Kimberlychester Storage,338,268
41,Professor Equipment,96,Lake Victoria Storage,33,249
42,Example Equipment,56,Grayfort Storage,234,393
43,Worry Equipment,35,Sanfordhaven Storage,29,153
44,Democratic Equipment,93,East Kimberly Storage,303,46
45,This Equipment,66,New Briannastad Storage,288,199
46,Here Equipment,89,Lake Laurenstad Storage,1,210
47,Fight Equipment,99,Lucaston Storage,69,41
48,General Equipment,53,North Johnathanhaven Storage,329,202
49,Begin Equipment,10,Port Melissaview Storage,239,93
50,Two Equipment,58,Port Bryanview Storage,183,393
51,Policy Equipment,49,Deborahport Storage,115,338
52,Still Equipment,70,Travisshire Storage,36,101
53,Ago Equipment,14,Seanside Storage,377,62
54,Break Equipment,88,Lake Johnstad Storage,43,334
55,Statement Equipment,23,South Jennifermouth Storage,380,177
56,Race Equipment,21,Holtbury Storage,204,116
57,Firm Equipment,25,Cabreraberg Storage,26,326
58,Ok Equipment,36,West Shellyville Storage,3,210
59,Body Equipment,61,Lake Edwinport Storage,348,9
60,Between Equipment,73,Isaiahchester Storage,118,353
61,Practice Equipment,69,Masonland Storage,140,301
62,Better Equipment,80,Hannahmouth Storage,43,270
63,Pull Equipment,45,East Brentburgh Storage,370,37
64,Himself Equipment,14,East Crystalton Storage,266,227
65,They Equipment,19,Port Angela Storage,160,337
66,One Equipment,83,Wilsonberg Storage,314,292
67,Speak Equipment,5,Patrickbury Storage,32,353
68,Treat Equipment,84,Mayershire Storage,148,39
69,Matter Equipment,75,Lanemouth Storage,240,65
70,Speak Equipment,3,Tammystad Storage,194,121
71,Whom Equipment,36,Port Mistymouth Storage,231,312
72,Police Equipment,20,South Mitchell Storage,24,242
73,Prevent Equipment,30,Nataliestad Storage,296,18
74,Area Equipment,68,West Sara Storage,187,290
75,Production Equipment,57,Anthonychester Storage,287,166
76,Near Equipment,17,New Jeffreystad Storage,75,211
77,Name Equipment,66,West Christina Storage,351,71
78,Direction Equipment,89,Turnerborough Storage,149,59
79,Real Equipment,90,Port Kimberlyshire Storage,335,25
80,Some Equipment,9,Youngton Storage,154,258
81,Race Equipment,24,West Nancyland Storage,309,264
82,Sister Equipment,63,Greenfort Storage,106,101
83,Ready Equipment,68,Hodgestown Storage,27,124
84,Million Equipment,4,New Mercedes Storage,162,12
85,Fact Equipment,36,Jeannehaven Storage,196,364
86,Ever Equipment,40,North Kenneth Storage,65,385
87,Like Equipment,64,South Carrieside Storage,37,161
88,Go Equipment,57,Port Calvin Storage,194,255
89,Mean Equipment,61,East Aprilfort Storage,396,21
90,Serve Equipment,97,South Justin Storage,88,344
91,Travel Equipment,4,Port James Storage,296,130
92,Rule Equipment,13,North Jefferymouth Storage,47,295
93,Alone Equipment,25,West Deborah Storage,29,345
94,Continue Equipment,53,Robintown Storage,78,247
95,Detail Equipment,54,Perrybury Storage,102,28
96,Simple Equipment,56,Michaelchester Storage,346,371
97,Third Equipment,9,Kimton Storage,78,22
98,Drug Equipment,57,Sweeneyville Storage,347,248
99,Commercial Equipment,23,Villarrealshire Storage,246,370
100,Read Equipment,77,Gallagherstad Storage,230,322
101,Lot Equipment,64,Port Brandyhaven Storage,101,27
102,Walk Equipment,85,Floresbury Storage,70,92
103,Both Equipment,45,Lake Cory Storage,125,350
104,Key Equipment,99,Port Stephenberg Storage,201,166
105,Away Equipment,10,Perezstad Storage,2,109
106,His Equipment,78,Robinsonport Storage,155,364
107,War Equipment,43,Gregoryshire Storage,50,222
108,Item Equipment,57,Ianfort Storage,247,306
109,Election Equipment,74,Port Elizabeth Storage,202,105
110,Animal Equipment,32,North Jessica Storage,346,74
111,Stock Equipment,25,New Richard Storage,129,168
112,Modern Equipment,12,East Jerry Storage,73,129
113,Grow Equipment,9,Shepherdville Storage,28,318
114,Require Equipment,82,Spenceland Storage,225,219
115,Care Equipment,48,South Hannah Storage,334,107
116,Mind Equipment,71,Rickyport Storage,255,263
117,North Equipment,21,Davenporttown Storage,64,2
118,Magazine Equipment,93,North Walter Storage,25,329
119,After Equipment,64,Mendezville Storage,119,158
120,Yeah Equipment,1,Nicoleburgh Storage,277,290
121,Such Equipment,87,Sharonland Storage,390,206
122,Republican Equipment,44,Smithland Storage,167,315
123,Against Equipment,83,New Tannerborough Storage,338,377
124,Money Equipment,31,Johnmouth Storage,280,116
125,Process Equipment,31,West Rachelshire Storage,103,71
126,Relationship Equipment,68,Wyattmouth Storage,128,351
127,Quickly Equipment,57,South Karen Storage,386,316
128,Line Equipment,4,Port Isaiah Storage,4,323
129,Forward Equipment,24,Parkerburgh Storage,194,357
130,Direction Equipment,52,Ricardoville Storage,206,66
131,Student Equipment,68,North Keith Storage,364,129
132,Similar Equipment,8,Brandonton Storage,278,18
133,Wife Equipment,38,Charlesville Storage,96,262
134,Number Equipment,21,Garrettfurt Storage,213,121
135,Eat Equipment,97,North Nathanview Storage,195,391
136,Another Equipment,62,Flemington Storage,224,99
137,Establish Equipment,65,East Richard Storage,304,178
138,Trial Equipment,75,Lake Travishaven Storage,132,74
139,Anything Equipment,89,West Jonathon Storage,226,335
140,Activity Equipment,36,Lake Kaylaland Storage,356,99
141,Really Equipment,26,East Calvin Storage,99,135
142,Window Equipment,79,East Jasmine Storage,26,237
143,While Equipment,15,Cookview Storage,376,398
144,Former Equipment,75,South Pamela Storage,388,205
145,Energy Equipment,89,Anthonyfort Storage,111,246
146,Discover Equipment,91,North Mandy Storage,128,81
147,Know Equipment,58,New Jenniferstad Storage,50,2
148,Many Equipment,50,Marshallberg Storage,350,27
149,Affect Equipment,14,Bautistatown Storage,333,78
150,Teacher Equipment,45,New Sandra Storage,356,187
151,Answer Equipment,21,East Loganbury Storage,69,9
152,Represent Equipment,12,Lake Troymouth Storage,279,16
153,Life Equipment,86,Pachecotown Storage,120,400
154,Half Equipment,70,Carterview Storage,397,370
155,Share Equipment,91,Lake Danielleburgh Storage,69,180
156,Population Equipment,45,Donnabury Storage,263,307
157,Require Equipment,80,Amberhaven Storage,43,102
158,Find Equipment,12,Williamside Storage,213,292
159,Participant Equipment,46,North Garyhaven Storage,12,20
160,Despite Equipment,67,New Kennethfurt Storage,348,383
161,Until Equipment,21,Port Lindsay Storage,65,326
162,Probably Equipment,59,West Thomasfurt Storage,126,228
163,Understand Equipment,93,Kylehaven Storage,226,295
164,Final Equipment,26,Millsside Storage,180,4
165,Table Equipment,7,New Richardfort Storage,204,211
166,East Equipment,90,Brownchester Storage,38,400
167,Officer Equipment,91,Lake Matthewside Storage,87,150
168,Try Equipment,72,West Ianville Storage,214,132
169,Pressure Equipment,19,Port Nicholas Storage,203,273
170,On Equipment,83,Ryanbury Storage,342,96
171,Ground Equipment,85,New Amanda Storage,277,238
172,Themselves Equipment,10,North Coryview Storage,47,167
173,Recognize Equipment,42,Williammouth Storage,48,213
174,Detail Equipment,89,East Brettton Storage,377,37
175,Win Equipment,60,South Matthew Storage,146,367
176,Mother Equipment,82,West Robertchester Storage,161,253
177,Deep Equipment,45,Sethtown Storage,338,75
178,Crime Equipment,60,East Stephaniefort Storage,334,106
179,Together Equipment,6,West Latoyahaven Storage,110,380
180,Bill Equipment,30,Michaelville Storage,16,127
181,Seem Equipment,10,Lake James Storage,72,165
182,Training Equipment,97,Davidville Storage,92,129
183,Result Equipment,94,South Andrew Storage,292,46
184,Word Equipment,62,Petersonmouth Storage,331,295
185,Reduce Equipment,84,Allenton Storage,38,310
186,Us Equipment,80,Christinaland Storage,165,87
187,Interesting Equipment,38,South Dennis Storage,221,69
188,Soldier Equipment,31,East Kellieville Storage,287,96
189,Election Equipment,17,East Patrick Storage,370,26
190,Discuss Equipment,86,East Gabrielatown Storage,322,184
191,Sure Equipment,91,Underwoodland Storage,20,43
192,Attorney Equipment,39,Diazfurt Storage,392,17
193,Name Equipment,31,Tracyfurt Storage,325,195
194,Sort Equipment,22,New Robin Storage,350,323
195,Even Equipment,67,Dennisside Storage,219,65
196,Fast Equipment,64,Lowefort Storage,168,184
197,Idea Equipment,37,Greeneton Storage,139,288
198,National Equipment,29,Port Donnaview Storage,375,257
199,Arm Equipment,82,South Michelle Storage,257,367
200,Culture Equipment,52,East Jefferyton Storage,320,237
201,State Equipment,2,Lake Kevin Storage,70,392
202,Politics Equipment,69,Joshuafurt Storage,83,62
203,Act Equipment,89,West Tara Storage,244,300
204,Land Equipment,96,New Christopher Storage,40,81
205,Environmental Equipment,21,Danaton Storage,11,43
206,Capital Equipment,88,New Joshua Storage,200,27
207,Heart Equipment,99,Petersland Storage,357,272
208,Employee Equipment,82,Deniseside Storage,390,93
209,Trip Equipment,19,Port Jason Storage,102,11
210,Skill Equipment,100,Duranmouth Storage,242,113
211,Understand Equipment,55,New Cynthiaborough Storage,335,80
212,Throughout Equipment,54,South Lisaside Storage,269,8
213,Never Equipment,7,East Raymond Storage,120,144
214,Eye Equipment,78,East Josephhaven Storage,18,115
215,Indicate Equipment,15,New Jeremyfurt Storage,375,239
216,Once Equipment,26,Hollymouth Storage,365,110
217,Certainly Equipment,57,West Trevorchester Storage,178,112
218,Rest Equipment,40,East Luke Storage,116,341
219,Make Equipment,96,Kellyville Storage,177,292
220,Life Equipment,71,Lake Michelle Storage,102,91
221,Cultural Equipment,64,East Jennifer Storage,83,25
222,Shake Equipment,58,Fowlerville Storage,269,24
223,Development Equipment,80,Scottchester Storage,383,248
224,Professional Equipment,11,Williamfurt Storage,165,55
225,Action Equipment,5,Masonshire Storage,193,23
226,Idea Equipment,32,South Heidi Storage,362,356
227,Prepare Equipment,82,East Alyssastad Storage,393,285
228,Bag Equipment,98,West Heather Storage,96,321
229,Do Equipment,98,East Ashley Storage,248,8
230,Heavy Equipment,81,Fritzport Storage,94,3
231,Around Equipment,60,Zunigafurt Storage,172,24
232,Deal Equipment,21,Brianside Storage,95,67
233,Community Equipment,94,East Marcusside Storage,279,389
234,Lot Equipment,64,Castroland Storage,230,93
235,Look Equipment,67,Huntermouth Storage,362,229
236,Single Equipment,94,Lowemouth Storage,108,22
237,Short Equipment,14,West Paul Storage,134,82
238,Economic Equipment,44,South Sarahberg Storage,341,176
239,Compare Equipment,68,Davidborough Storage,334,29
240,Buy Equipment,38,New Jaybury Storage,378,221
241,Take Equipment,75,West Michaelburgh Storage,319,84
242,Kid Equipment,73,Rodneyton Storage,80,120
243,Produce Equipment,60,Mccarthychester Storage,255,234
244,Sure Equipment,75,Millschester Storage,289,399
245,Compare Equipment,44,South Jenna Storage,164,249
246,Edge Equipment,7,Elizabethmouth Storage,3,52
247,Treat Equipment,71,Escobarhaven Storage,384,330
248,His Equipment,37,East Andrewburgh Storage,91,154
249,Important Equipment,35,North William Storage,44,274
250,Structure Equipment,61,Lake Danielle Storage,360,142
251,Scene Equipment,49,Jeffreyside Storage,152,363
252,Water Equipment,16,Underwoodside Storage,196,331
253,Blue Equipment,42,Baileymouth Storage,280,12
254,Analysis Equipment,3,Pattersonmouth Storage,384,269
255,Thought Equipment,78,South Sandra Storage,145,220
256,Allow Equipment,95,Brendaberg Storage,171,254
257,Push Equipment,11,Spencertown Storage,226,376
258,Administration Equipment,80,South Courtneyfort Storage,363,367
259,Direction Equipment,68,Hendersonberg Storage,129,234
260,Live Equipment,81,Peckborough Storage,40,191
261,Similar Equipment,1,New Sara Storage,127,328
262,Hour Equipment,18,Shaneberg Storage,15,306
263,Fast Equipment,76,East Evanberg Storage,331,328
264,Race Equipment,74,Jorgeland Storage,34,96
265,Southern Equipment,62,East Matthewfort Storage,25,145
266,Job Equipment,2,West Cherylfurt Storage,11,264
267,Century Equipment,95,Beckville Storage,315,270
268,Learn Equipment,53,South Seth Storage,271,198
269,Can Equipment,98,Lake Jamesland Storage,155,233
270,Keep Equipment,30,Rothstad Storage,174,104
271,Red Equipment,65,Blakeland Storage,80,376
272,One Equipment,97,Caldwellstad Storage,339,347
273,True Equipment,26,Lake Kimberly Storage,334,276
274,Success Equipment,32,North Judithhaven Storage,364,235
275,Eight Equipment,9,West Sarahchester Storage,218,204
276,Manage Equipment,87,West Tammy Storage,279,187
277,Business Equipment,94,Fosterport Storage,197,7
278,Wear Equipment,99,Jeremyland Storage,275,288
279,Know Equipment,51,Alicetown Storage,388,329
280,Sound Equipment,25,Debratown Storage,327,40
281,Or Equipment,31,Jakeburgh Storage,128,7
282,Animal Equipment,2,Greenfort Storage,245,21
283,Heavy Equipment,74,Port Stephanie Storage,354,370
284,Usually Equipment,50,Peterston Storage,88,240
285,Lay Equipment,63,West Mariashire Storage,98,114
286,Arrive Equipment,63,Jonathanbury Storage,115,255
287,Difference Equipment,45,South Vanessachester Storage,109,94
288,Generation Equipment,25,West Kaitlyn Storage,219,170
289,Thus Equipment,19,Lake Jenniferfort Storage,89,316
290,Before Equipment,64,Hansonport Storage,4,168
291,Radio Equipment,69,New Chris Storage,23,248
292,Site Equipment,27,Jenniferstad Storage,328,66
293,Level Equipment,41,East Faithtown Storage,15,235
294,Them Equipment,92,Hickmanfort Storage,335,253
295,My Equipment,98,West Markstad Storage,193,114
296,Pm Equipment,59,Tracymouth Storage,133,50
297,Idea Equipment,66,Brianberg Storage,212,389
298,Here Equipment,84,Jonathanfurt Storage,209,122
299,Recent Equipment,94,Kaneport Storage,335,226
300,Beautiful Equipment,69,Port Jeffreymouth Storage,203,73
301,Human Equipment,39,Lake Courtneytown Storage,38,388
302,Mention Equipment,43,Johnsonfurt Storage,201,153
303,Save Equipment,93,Dunnton Storage,101,398
304,Myself Equipment,80,Port Richardbury Storage,312,26
305,Animal Equipment,85,Smithborough Storage,338,270
306,Behavior Equipment,1,Paulbury Storage,343,220
307,Lot Equipment,2,West Ruthfurt Storage,187,290
308,Shoulder Equipment,19,Marquezshire Storage,228,237
309,Should Equipment,19,Deannatown Storage,370,369
310,Certain Equipment,76,Port Crystalside Storage,58,373
311,Recognize Equipment,73,Rodriguezfort Storage,363,266
312,Court Equipment,99,West Linda Storage,201,24
313,Various Equipment,38,Lisaborough Storage,255,206
314,Miss Equipment,59,Lake Johnbury Storage,237,311
315,Yes Equipment,98,Port William Storage,188,303
316,Moment Equipment,86,Diaztown Storage,191,237
317,Participant Equipment,31,Vegachester Storage,244,48
318,Past Equipment,10,East Alison Storage,52,139
319,Reason Equipment,35,West Ashleyshire Storage,396,54
320,Case Equipment,68,East William Storage,162,390
321,Hundred Equipment,10,Henryburgh Storage,327,323
322,Minute Equipment,43,South Mariafort Storage,153,250
323,Pressure Equipment,75,Carlside Storage,114,225
324,Yes Equipment,27,Ashleyside Storage,333,340
325,Outside Equipment,29,Matthewsville Storage,343,125
326,Grow Equipment,10,Odomfort Storage,70,241
327,Raise Equipment,2,Laurenmouth Storage,57,325
328,Require Equipment,66,Austinport Storage,64,104
329,Night Equipment,62,Lake Stephaniefort Storage,228,250
330,All Equipment,55,East Ricardo Storage,351,273
331,Need Equipment,4,Bakerstad Storage,36,341
332,Floor Equipment,69,New Kyle Storage,387,378
333,Behavior Equipment,99,West Seanburgh Storage,3,33
334,Lose Equipment,4,Hillstad Storage,327,249
335,Add Equipment,59,Whitebury Storage,390,361
336,Thousand Equipment,96,Michelletown Storage,1,328
337,Same Equipment,11,New Christopher Storage,134,137
338,Among Equipment,27,Rebeccafort Storage,324,17
339,Though Equipment,8,Port Lisa Storage,283,61
340,Too Equipment,53,Port Gabrielfurt Storage,63,202
341,Trade Equipment,4,Garnerside Storage,284,344
342,Responsibility Equipment,99,Ibarraville Storage,13,11
343,Less Equipment,74,Lake Paulport Storage,128,308
344,Determine Equipment,36,Port Dustinmouth Storage,135,323
345,Dog Equipment,47,North Tammychester Storage,208,145
346,Tough Equipment,49,Port Robert Storage,19,142
347,Size Equipment,70,North Rebeccafort Storage,26,66
348,Whose Equipment,60,Ortegabury Storage,365,310
349,What Equipment,16,New Jamestown Storage,172,28
350,Product Equipment,60,East Christinehaven Storage,137,384
351,Factor Equipment,12,Lindsayview Storage,83,328
352,Summer Equipment,87,Hillview Storage,106,172
353,Every Equipment,72,Nelsonville Storage,104,220
354,Own Equipment,78,Port Sheilaport Storage,119,308
355,Pattern Equipment,36,West Marcus Storage,319,363
356,Measure Equipment,40,North David Storage,240,306
357,Return Equipment,93,North Pamela Storage,99,359
358,Bring Equipment,79,Kellieside Storage,265,147
359,Window Equipment,8,East Benjamin Storage,375,348
360,Enter Equipment,69,Johnhaven Storage,257,161
361,Like Equipment,41,New Zachary Storage,389,59
362,Tv Equipment,65,Port Luis Storage,24,193
363,Family Equipment,63,Wellsmouth Storage,179,314
364,It Equipment,25,South Joshuaside Storage,247,282
365,Food Equipment,67,East Robinville Storage,218,227
366,Character Equipment,56,Port Russell Storage,117,203
367,Example Equipment,27,North Timothy Storage,176,195
368,Sign Equipment,82,North Adrianafurt Storage,325,57
369,But Equipment,28,Joeberg Storage,150,260
370,Skin Equipment,10,East Mirandashire Storage,150,30
371,Century Equipment,67,South Christina Storage,354,275
372,Score Equipment,70,South Kevin Storage,277,184
373,Myself Equipment,15,Danielsport Storage,209,129
374,Computer Equipment,1,Lake Claytonport Storage,277,75
375,Law Equipment,62,Foxberg Storage,307,361
376,Board Equipment,82,Natalieview Storage,91,204
377,Particular Equipment,26,South Clairehaven Storage,180,189
378,Individual Equipment,87,South Ryanstad Storage,92,100
379,Contain Equipment,36,East Roberthaven Storage,47,226
380,Each Equipment,33,North Jenniferview Storage,380,293
381,Company Equipment,14,Port Michaelchester Storage,237,101
382,Leg Equipment,6,Murphystad Storage,118,231
383,Network Equipment,86,Lake Thomas Storage,88,57
384,Entire Equipment,75,Powellville Storage,188,239
385,Foot Equipment,95,Johnton Storage,286,179
386,Dark Equipment,8,New Richard Storage,398,356
387,Response Equipment,32,Port Michelle Storage,172,161
388,Data Equipment,27,Goldenborough Storage,271,197
389,Mission Equipment,22,North Christopher Storage,214,219
390,Inside Equipment,10,Port Katelynland Storage,279,380
391,Dark Equipment,47,Michellehaven Storage,392,45
392,Enter Equipment,71,Thomasside Storage,45,177
393,Light Equipment,71,Jessicashire Storage,77,279
394,Develop Equipment,72,Stephenside Storage,372,8
395,Reason Equipment,34,Edwardport Storage,347,23
396,Road Equipment,79,West Lance Storage,72,391
397,Child Equipment,13,Laurenfort Storage,287,7
398,Ground Equipment,38,South Josechester Storage,67,320
399,National Equipment,57,Jeffreymouth Storage,373,343
400,Career Equipment,2,Cooperfort Storage,354,79
